Workbook
Name d_Month: Clean_Data!$I$2:$I$21
Name d_Product: Clean_Data!$B$2:$B$21
Name d_Profit: Clean_Data!$E$2:$E$21
Name d_Region: Clean_Data!$C$2:$C$21
Name d_Sales: Clean_Data!$K$2:$K$21

Sheet Raw_Data
A1: SalesID | B1: Product | C1: Region | D1: Sales | E1: Profit | F1: Year | G1: Date
A2: 1 | B2: Product D | C2: South | D2: 587 | E2: 21 | F2: 2022 | G2: 44562
A3: 2 | B3: Product E | C3: Central | D3: 800 | E3: 73 | F3: 2022 | G3: 44569
A4: 3 | B4: Product C | C4: West Coast | D4: 515 | E4: 125 | F4: 2022 | G4: 44576
A5: 4 | B5: Product E | C5: North | E5: 279 | F5: 2024 | G5: 44583
A6: 5 | B6: Product E | C6: North | D6: 441 | E6: 210 | F6: 2022 | G6: 44590
A7: 6 | B7: Product B | C7: East | D7: 976 | E7: 237 | F7: 2022 | G7: 44597
A8: 7 | B8: Product C | C8: East | D8: 545 | E8: 63 | F8: 2022 | G8: 44604
A9: 8 | B9: Product C | C9: South | D9: 764 | E9: 181 | F9: 2024 | G9: 44611
A10: 9 | B10: Product C | C10: West Coast | D10: 539 | E10: 221 | F10: 2022 | G10: 44618
A11: 10 | B11: Product E | C11: West Coast | E11: 289 | F11: 2022 | G11: 44625
A12: 11 | B12: Product D | C12: East | D12: 566 | E12: 290 | F12: 2024 | G12: 44632
A13: 12 | B13: Product C | C13: West Coast | D13: 654 | E13: 234 | F13: 2024 | G13: 44639
A14: 13 | B14: Product E | C14: West Coast | D14: 627 | E14: 271 | F14: 2024 | G14: 44646
A15: 14 | B15: Product B | C15: North | D15: 708 | E15: 209 | F15: 2022 | G15: 44653
A16: 15 | B16: Product D | C16: East | D16: 975 | E16: 232 | F16: 2024 | G16: 44660
A17: 16 | B17: Product B | C17: Central | D17: 234 | E17: 227 | F17: 2024 | G17: 44667
A18: 17 | B18: Product D | C18: East | D18: 405 | E18: 256 | F18: 2022 | G18: 44674
A19: 18 | B19: Product E | C19: Central | D19: 280 | E19: 72 | F19: 2024 | G19: 44681
A20: 19 | B20: Product A | C20: North | D20: 761 | E20: 299 | F20: 2022 | G20: 44688
A21: 20 | B21: Product D | C21: South | D21: 587 | E21: 236 | F21: 2023 | G21: 44695

Sheet Clean_Data
A1: SalesID | B1: Product | C1: Region | D1: Sales (Raw) | E1: Profit | F1: Year (Original) | G1: Date | H1: Year (Fixed) | I1: Month No | J1: Month | K1: Sales (Clean) | L1: Target (VLOOKUP) | M1: Sales Level (IF) | N1: Performance (Nested IF) | O1: Profit Margin % | P1: Region Manager (INDEX-MATCH) | Q1: Met Target?
A2: 1 | B2: Product D | C2: South | D2: 587 | E2: 21 | F2: 2022 | G2: 44562 | H2: =YEAR(G2) -> 2022 | I2: =MONTH(G2) -> 1 | J2: =TEXT(G2,"mmm") -> Jan | K2: =IF(D2="",ROUND(AVERAGEIFS($D$2:$D$21,$B$2:$B$21,B2),0),D2) -> 587 | L2: =VLOOKUP(B2,Lookups!$A$3:$B$7,2,FALSE()) -> 550 | M2: =IF(K2>=600,"High","Low") -> Low | N2: =IF(D2="","Missing (Filled)",IF(K2>=800,"Excellent",IF(K2>=500,"Good","Poor"))) -> Good | O2: =IFERROR(E2/K2,0) -> 0.035775128 | P2: =INDEX(Lookups!$E$3:$E$7,MATCH(C2,Lookups!$D$3:$D$7,0)) -> Manager S | Q2: =IF(K2>=L2,"Yes","No") -> Yes
A3: 2 | B3: Product E | C3: Central | D3: 800 | E3: 73 | F3: 2022 | G3: 44569 | H3: =YEAR(G3) -> 2022 | I3: =MONTH(G3) -> 1 | J3: =TEXT(G3,"mmm") -> Jan | K3: =IF(D3="",ROUND(AVERAGEIFS($D$2:$D$21,$B$2:$B$21,B3),0),D3) -> 800 | L3: =VLOOKUP(B3,Lookups!$A$3:$B$7,2,FALSE()) -> 500 | M3: =IF(K3>=600,"High","Low") -> High | N3: =IF(D3="","Missing (Filled)",IF(K3>=800,"Excellent",IF(K3>=500,"Good","Poor"))) -> Excellent | O3: =IFERROR(E3/K3,0) -> 0.09125 | P3: =INDEX(Lookups!$E$3:$E$7,MATCH(C3,Lookups!$D$3:$D$7,0)) -> Manager C | Q3: =IF(K3>=L3,"Yes","No") -> Yes
A4: 3 | B4: Product C | C4: West Coast | D4: 515 | E4: 125 | F4: 2022 | G4: 44576 | H4: =YEAR(G4) -> 2022 | I4: =MONTH(G4) -> 1 | J4: =TEXT(G4,"mmm") -> Jan | K4: =IF(D4="",ROUND(AVERAGEIFS($D$2:$D$21,$B$2:$B$21,B4),0),D4) -> 515 | L4: =VLOOKUP(B4,Lookups!$A$3:$B$7,2,FALSE()) -> 600 | M4: =IF(K4>=600,"High","Low") -> Low | N4: =IF(D4="","Missing (Filled)",IF(K4>=800,"Excellent",IF(K4>=500,"Good","Poor"))) -> Good | O4: =IFERROR(E4/K4,0) -> 0.24271845 | P4: =INDEX(Lookups!$E$3:$E$7,MATCH(C4,Lookups!$D$3:$D$7,0)) -> Manager W | Q4: =IF(K4>=L4,"Yes","No") -> No
A5: 4 | B5: Product E | C5: North | E5: 279 | F5: 2024 | G5: 44583 | H5: =YEAR(G5) -> 2022 | I5: =MONTH(G5) -> 1 | J5: =TEXT(G5,"mmm") -> Jan | K5: =IF(D5="",ROUND(AVERAGEIFS($D$2:$D$21,$B$2:$B$21,B5),0),D5) -> 537 | L5: =VLOOKUP(B5,Lookups!$A$3:$B$7,2,FALSE()) -> 500 | M5: =IF(K5>=600,"High","Low") -> Low | N5: =IF(D5="","Missing (Filled)",IF(K5>=800,"Excellent",IF(K5>=500,"Good","Poor"))) -> Missing (Filled) | O5: =IFERROR(E5/K5,0) -> 0.51955307 | P5: =INDEX(Lookups!$E$3:$E$7,MATCH(C5,Lookups!$D$3:$D$7,0)) -> Manager N | Q5: =IF(K5>=L5,"Yes","No") -> Yes
A6: 5 | B6: Product E | C6: North | D6: 441 | E6: 210 | F6: 2022 | G6: 44590 | H6: =YEAR(G6) -> 2022 | I6: =MONTH(G6) -> 1 | J6: =TEXT(G6,"mmm") -> Jan | K6: =IF(D6="",ROUND(AVERAGEIFS($D$2:$D$21,$B$2:$B$21,B6),0),D6) -> 441 | L6: =VLOOKUP(B6,Lookups!$A$3:$B$7,2,FALSE()) -> 500 | M6: =IF(K6>=600,"High","Low") -> Low | N6: =IF(D6="","Missing (Filled)",IF(K6>=800,"Excellent",IF(K6>=500,"Good","Poor"))) -> Poor | O6: =IFERROR(E6/K6,0) -> 0.47619048 | P6: =INDEX(Lookups!$E$3:$E$7,MATCH(C6,Lookups!$D$3:$D$7,0)) -> Manager N | Q6: =IF(K6>=L6,"Yes","No") -> No
A7: 6 | B7: Product B | C7: East | D7: 976 | E7: 237 | F7: 2022 | G7: 44597 | H7: =YEAR(G7) -> 2022 | I7: =MONTH(G7) -> 2 | J7: =TEXT(G7,"mmm") -> Feb | K7: =IF(D7="",ROUND(AVERAGEIFS($D$2:$D$21,$B$2:$B$21,B7),0),D7) -> 976 | L7: =VLOOKUP(B7,Lookups!$A$3:$B$7,2,FALSE()) -> 650 | M7: =IF(K7>=600,"High","Low") -> High | N7: =IF(D7="","Missing (Filled)",IF(K7>=800,"Excellent",IF(K7>=500,"Good","Poor"))) -> Excellent | O7: =IFERROR(E7/K7,0) -> 0.24282787 | P7: =INDEX(Lookups!$E$3:$E$7,MATCH(C7,Lookups!$D$3:$D$7,0)) -> Manager E | Q7: =IF(K7>=L7,"Yes","No") -> Yes
A8: 7 | B8: Product C | C8: East | D8: 545 | E8: 63 | F8: 2022 | G8: 44604 | H8: =YEAR(G8) -> 2022 | I8: =MONTH(G8) -> 2 | J8: =TEXT(G8,"mmm") -> Feb | K8: =IF(D8="",ROUND(AVERAGEIFS($D$2:$D$21,$B$2:$B$21,B8),0),D8) -> 545 | L8: =VLOOKUP(B8,Lookups!$A$3:$B$7,2,FALSE()) -> 600 | M8: =IF(K8>=600,"High","Low") -> Low | N8: =IF(D8="","Missing (Filled)",IF(K8>=800,"Excellent",IF(K8>=500,"Good","Poor"))) -> Good | O8: =IFERROR(E8/K8,0) -> 0.11559633 | P8: =INDEX(Lookups!$E$3:$E$7,MATCH(C8,Lookups!$D$3:$D$7,0)) -> Manager E | Q8: =IF(K8>=L8,"Yes","No") -> No
A9: 8 | B9: Product C | C9: South | D9: 764 | E9: 181 | F9: 2024 | G9: 44611 | H9: =YEAR(G9) -> 2022 | I9: =MONTH(G9) -> 2 | J9: =TEXT(G9,"mmm") -> Feb | K9: =IF(D9="",ROUND(AVERAGEIFS($D$2:$D$21,$B$2:$B$21,B9),0),D9) -> 764 | L9: =VLOOKUP(B9,Lookups!$A$3:$B$7,2,FALSE()) -> 600 | M9: =IF(K9>=600,"High","Low") -> High | N9: =IF(D9="","Missing (Filled)",IF(K9>=800,"Excellent",IF(K9>=500,"Good","Poor"))) -> Good | O9: =IFERROR(E9/K9,0) -> 0.23691099 | P9: =INDEX(Lookups!$E$3:$E$7,MATCH(C9,Lookups!$D$3:$D$7,0)) -> Manager S | Q9: =IF(K9>=L9,"Yes","No") -> Yes
A10: 9 | B10: Product C | C10: West Coast | D10: 539 | E10: 221 | F10: 2022 | G10: 44618 | H10: =YEAR(G10) -> 2022 | I10: =MONTH(G10) -> 2 | J10: =TEXT(G10,"mmm") -> Feb | K10: =IF(D10="",ROUND(AVERAGEIFS($D$2:$D$21,$B$2:$B$21,B10),0),D10) -> 539 | L10: =VLOOKUP(B10,Lookups!$A$3:$B$7,2,FALSE()) -> 600 | M10: =IF(K10>=600,"High","Low") -> Low | N10: =IF(D10="","Missing (Filled)",IF(K10>=800,"Excellent",IF(K10>=500,"Good","Poor"))) -> Good | O10: =IFERROR(E10/K10,0) -> 0.41001855 | P10: =INDEX(Lookups!$E$3:$E$7,MATCH(C10,Lookups!$D$3:$D$7,0)) -> Manager W | Q10: =IF(K10>=L10,"Yes","No") -> No
A11: 10 | B11: Product E | C11: West Coast | E11: 289 | F11: 2022 | G11: 44625 | H11: =YEAR(G11) -> 2022 | I11: =MONTH(G11) -> 3 | J11: =TEXT(G11,"mmm") -> Mar | K11: =IF(D11="",ROUND(AVERAGEIFS($D$2:$D$21,$B$2:$B$21,B11),0),D11) -> 537 | L11: =VLOOKUP(B11,Lookups!$A$3:$B$7,2,FALSE()) -> 500 | M11: =IF(K11>=600,"High","Low") -> Low | N11: =IF(D11="","Missing (Filled)",IF(K11>=800,"Excellent",IF(K11>=500,"Good","Poor"))) -> Missing (Filled) | O11: =IFERROR(E11/K11,0) -> 0.53817505 | P11: =INDEX(Lookups!$E$3:$E$7,MATCH(C11,Lookups!$D$3:$D$7,0)) -> Manager W | Q11: =IF(K11>=L11,"Yes","No") -> Yes
A12: 11 | B12: Product D | C12: East | D12: 566 | E12: 290 | F12: 2024 | G12: 44632 | H12: =YEAR(G12) -> 2022 | I12: =MONTH(G12) -> 3 | J12: =TEXT(G12,"mmm") -> Mar | K12: =IF(D12="",ROUND(AVERAGEIFS($D$2:$D$21,$B$2:$B$21,B12),0),D12) -> 566 | L12: =VLOOKUP(B12,Lookups!$A$3:$B$7,2,FALSE()) -> 550 | M12: =IF(K12>=600,"High","Low") -> Low | N12: =IF(D12="","Missing (Filled)",IF(K12>=800,"Excellent",IF(K12>=500,"Good","Poor"))) -> Good | O12: =IFERROR(E12/K12,0) -> 0.51236749 | P12: =INDEX(Lookups!$E$3:$E$7,MATCH(C12,Lookups!$D$3:$D$7,0)) -> Manager E | Q12: =IF(K12>=L12,"Yes","No") -> Yes
A13: 12 | B13: Product C | C13: West Coast | D13: 654 | E13: 234 | F13: 2024 | G13: 44639 | H13: =YEAR(G13) -> 2022 | I13: =MONTH(G13) -> 3 | J13: =TEXT(G13,"mmm") -> Mar | K13: =IF(D13="",ROUND(AVERAGEIFS($D$2:$D$21,$B$2:$B$21,B13),0),D13) -> 654 | L13: =VLOOKUP(B13,Lookups!$A$3:$B$7,2,FALSE()) -> 600 | M13: =IF(K13>=600,"High","Low") -> High | N13: =IF(D13="","Missing (Filled)",IF(K13>=800,"Excellent",IF(K13>=500,"Good","Poor"))) -> Good | O13: =IFERROR(E13/K13,0) -> 0.35779817 | P13: =INDEX(Lookups!$E$3:$E$7,MATCH(C13,Lookups!$D$3:$D$7,0)) -> Manager W | Q13: =IF(K13>=L13,"Yes","No") -> Yes
A14: 13 | B14: Product E | C14: West Coast | D14: 627 | E14: 271 | F14: 2024 | G14: 44646 | H14: =YEAR(G14) -> 2022 | I14: =MONTH(G14) -> 3 | J14: =TEXT(G14,"mmm") -> Mar | K14: =IF(D14="",ROUND(AVERAGEIFS($D$2:$D$21,$B$2:$B$21,B14),0),D14) -> 627 | L14: =VLOOKUP(B14,Lookups!$A$3:$B$7,2,FALSE()) -> 500 | M14: =IF(K14>=600,"High","Low") -> High | N14: =IF(D14="","Missing (Filled)",IF(K14>=800,"Excellent",IF(K14>=500,"Good","Poor"))) -> Good | O14: =IFERROR(E14/K14,0) -> 0.43221691 | P14: =INDEX(Lookups!$E$3:$E$7,MATCH(C14,Lookups!$D$3:$D$7,0)) -> Manager W | Q14: =IF(K14>=L14,"Yes","No") -> Yes
A15: 14 | B15: Product B | C15: North | D15: 708 | E15: 209 | F15: 2022 | G15: 44653 | H15: =YEAR(G15) -> 2022 | I15: =MONTH(G15) -> 4 | J15: =TEXT(G15,"mmm") -> Apr | K15: =IF(D15="",ROUND(AVERAGEIFS($D$2:$D$21,$B$2:$B$21,B15),0),D15) -> 708 | L15: =VLOOKUP(B15,Lookups!$A$3:$B$7,2,FALSE()) -> 650 | M15: =IF(K15>=600,"High","Low") -> High | N15: =IF(D15="","Missing (Filled)",IF(K15>=800,"Excellent",IF(K15>=500,"Good","Poor"))) -> Good | O15: =IFERROR(E15/K15,0) -> 0.29519774 | P15: =INDEX(Lookups!$E$3:$E$7,MATCH(C15,Lookups!$D$3:$D$7,0)) -> Manager N | Q15: =IF(K15>=L15,"Yes","No") -> Yes
A16: 15 | B16: Product D | C16: East | D16: 975 | E16: 232 | F16: 2024 | G16: 44660 | H16: =YEAR(G16) -> 2022 | I16: =MONTH(G16) -> 4 | J16: =TEXT(G16,"mmm") -> Apr | K16: =IF(D16="",ROUND(AVERAGEIFS($D$2:$D$21,$B$2:$B$21,B16),0),D16) -> 975 | L16: =VLOOKUP(B16,Lookups!$A$3:$B$7,2,FALSE()) -> 550 | M16: =IF(K16>=600,"High","Low") -> High | N16: =IF(D16="","Missing (Filled)",IF(K16>=800,"Excellent",IF(K16>=500,"Good","Poor"))) -> Excellent | O16: =IFERROR(E16/K16,0) -> 0.23794872 | P16: =INDEX(Lookups!$E$3:$E$7,MATCH(C16,Lookups!$D$3:$D$7,0)) -> Manager E | Q16: =IF(K16>=L16,"Yes","No") -> Yes
A17: 16 | B17: Product B | C17: Central | D17: 234 | E17: 227 | F17: 2024 | G17: 44667 | H17: =YEAR(G17) -> 2022 | I17: =MONTH(G17) -> 4 | J17: =TEXT(G17,"mmm") -> Apr | K17: =IF(D17="",ROUND(AVERAGEIFS($D$2:$D$21,$B$2:$B$21,B17),0),D17) -> 234 | L17: =VLOOKUP(B17,Lookups!$A$3:$B$7,2,FALSE()) -> 650 | M17: =IF(K17>=600,"High","Low") -> Low | N17: =IF(D17="","Missing (Filled)",IF(K17>=800,"Excellent",IF(K17>=500,"Good","Poor"))) -> Poor | O17: =IFERROR(E17/K17,0) -> 0.97008547 | P17: =INDEX(Lookups!$E$3:$E$7,MATCH(C17,Lookups!$D$3:$D$7,0)) -> Manager C | Q17: =IF(K17>=L17,"Yes","No") -> No
A18: 17 | B18: Product D | C18: East | D18: 405 | E18: 256 | F18: 2022 | G18: 44674 | H18: =YEAR(G18) -> 2022 | I18: =MONTH(G18) -> 4 | J18: =TEXT(G18,"mmm") -> Apr | K18: =IF(D18="",ROUND(AVERAGEIFS($D$2:$D$21,$B$2:$B$21,B18),0),D18) -> 405 | L18: =VLOOKUP(B18,Lookups!$A$3:$B$7,2,FALSE()) -> 550 | M18: =IF(K18>=600,"High","Low") -> Low | N18: =IF(D18="","Missing (Filled)",IF(K18>=800,"Excellent",IF(K18>=500,"Good","Poor"))) -> Poor | O18: =IFERROR(E18/K18,0) -> 0.63209877 | P18: =INDEX(Lookups!$E$3:$E$7,MATCH(C18,Lookups!$D$3:$D$7,0)) -> Manager E | Q18: =IF(K18>=L18,"Yes","No") -> No
A19: 18 | B19: Product E | C19: Central | D19: 280 | E19: 72 | F19: 2024 | G19: 44681 | H19: =YEAR(G19) -> 2022 | I19: =MONTH(G19) -> 4 | J19: =TEXT(G19,"mmm") -> Apr | K19: =IF(D19="",ROUND(AVERAGEIFS($D$2:$D$21,$B$2:$B$21,B19),0),D19) -> 280 | L19: =VLOOKUP(B19,Lookups!$A$3:$B$7,2,FALSE()) -> 500 | M19: =IF(K19>=600,"High","Low") -> Low | N19: =IF(D19="","Missing (Filled)",IF(K19>=800,"Excellent",IF(K19>=500,"Good","Poor"))) -> Poor | O19: =IFERROR(E19/K19,0) -> 0.25714286 | P19: =INDEX(Lookups!$E$3:$E$7,MATCH(C19,Lookups!$D$3:$D$7,0)) -> Manager C | Q19: =IF(K19>=L19,"Yes","No") -> No
A20: 19 | B20: Product A | C20: North | D20: 761 | E20: 299 | F20: 2022 | G20: 44688 | H20: =YEAR(G20) -> 2022 | I20: =MONTH(G20) -> 5 | J20: =TEXT(G20,"mmm") -> May | K20: =IF(D20="",ROUND(AVERAGEIFS($D$2:$D$21,$B$2:$B$21,B20),0),D20) -> 761 | L20: =VLOOKUP(B20,Lookups!$A$3:$B$7,2,FALSE()) -> 700 | M20: =IF(K20>=600,"High","Low") -> High | N20: =IF(D20="","Missing (Filled)",IF(K20>=800,"Excellent",IF(K20>=500,"Good","Poor"))) -> Good | O20: =IFERROR(E20/K20,0) -> 0.39290407 | P20: =INDEX(Lookups!$E$3:$E$7,MATCH(C20,Lookups!$D$3:$D$7,0)) -> Manager N | Q20: =IF(K20>=L20,"Yes","No") -> Yes
A21: 20 | B21: Product D | C21: South | D21: 587 | E21: 236 | F21: 2023 | G21: 44695 | H21: =YEAR(G21) -> 2022 | I21: =MONTH(G21) -> 5 | J21: =TEXT(G21,"mmm") -> May | K21: =IF(D21="",ROUND(AVERAGEIFS($D$2:$D$21,$B$2:$B$21,B21),0),D21) -> 587 | L21: =VLOOKUP(B21,Lookups!$A$3:$B$7,2,FALSE()) -> 550 | M21: =IF(K21>=600,"High","Low") -> Low | N21: =IF(D21="","Missing (Filled)",IF(K21>=800,"Excellent",IF(K21>=500,"Good","Poor"))) -> Good | O21: =IFERROR(E21/K21,0) -> 0.40204429 | P21: =INDEX(Lookups!$E$3:$E$7,MATCH(C21,Lookups!$D$3:$D$7,0)) -> Manager S | Q21: =IF(K21>=L21,"Yes","No") -> Yes

Sheet Pivot_Summary
A1: Summary Tables (formula-based, auto-update with Clean_Data)
A3: Region | B3: Total Sales | C3: Total Profit | E3: Product | F3: Total Sales | G3: Total Profit
A4: Central | B4: =SUMIFS(d_Sales,d_Region,A4) -> 1314 | C4: =SUMIFS(d_Profit,d_Region,A4) -> 372 | E4: Product A | F4: =SUMIFS(d_Sales,d_Product,E4) -> 761 | G4: =SUMIFS(d_Profit,d_Product,E4) -> 299
A5: East | B5: =SUMIFS(d_Sales,d_Region,A5) -> 3467 | C5: =SUMIFS(d_Profit,d_Region,A5) -> 1078 | E5: Product B | F5: =SUMIFS(d_Sales,d_Product,E5) -> 1918 | G5: =SUMIFS(d_Profit,d_Product,E5) -> 673
A6: North | B6: =SUMIFS(d_Sales,d_Region,A6) -> 2447 | C6: =SUMIFS(d_Profit,d_Region,A6) -> 997 | E6: Product C | F6: =SUMIFS(d_Sales,d_Product,E6) -> 3017 | G6: =SUMIFS(d_Profit,d_Product,E6) -> 824
A7: South | B7: =SUMIFS(d_Sales,d_Region,A7) -> 1938 | C7: =SUMIFS(d_Profit,d_Region,A7) -> 438 | E7: Product D | F7: =SUMIFS(d_Sales,d_Product,E7) -> 3120 | G7: =SUMIFS(d_Profit,d_Product,E7) -> 1035
A8: West Coast | B8: =SUMIFS(d_Sales,d_Region,A8) -> 2872 | C8: =SUMIFS(d_Profit,d_Region,A8) -> 1140 | E8: Product E | F8: =SUMIFS(d_Sales,d_Product,E8) -> 3222 | G8: =SUMIFS(d_Profit,d_Product,E8) -> 1194
A9: Grand Total | B9: =SUM(B4:B8) -> 12038 | C9: =SUM(C4:C8) -> 4025 | E9: Grand Total | F9: =SUM(F4:F8) -> 12038 | G9: =SUM(G4:G8) -> 4025
A12: Month | B12: Month No | C12: Total Sales | D12: Total Profit
A13: Jan | B13: 1 | C13: =SUMIFS(d_Sales,d_Month,B13) -> 2880 | D13: =SUMIFS(d_Profit,d_Month,B13) -> 708
A14: Feb | B14: 2 | C14: =SUMIFS(d_Sales,d_Month,B14) -> 2824 | D14: =SUMIFS(d_Profit,d_Month,B14) -> 702
A15: Mar | B15: 3 | C15: =SUMIFS(d_Sales,d_Month,B15) -> 2384 | D15: =SUMIFS(d_Profit,d_Month,B15) -> 1084
A16: Apr | B16: 4 | C16: =SUMIFS(d_Sales,d_Month,B16) -> 2602 | D16: =SUMIFS(d_Profit,d_Month,B16) -> 996
A17: May | B17: 5 | C17: =SUMIFS(d_Sales,d_Month,B17) -> 1348 | D17: =SUMIFS(d_Profit,d_Month,B17) -> 535
A20: Sales Matrix | B20: Product A | C20: Product B | D20: Product C | E20: Product D | F20: Product E
A21: Central | B21: =SUMIFS(d_Sales,d_Region,$A21,d_Product,B$20) -> 0 | C21: =SUMIFS(d_Sales,d_Region,$A21,d_Product,C$20) -> 234 | D21: =SUMIFS(d_Sales,d_Region,$A21,d_Product,D$20) -> 0 | E21: =SUMIFS(d_Sales,d_Region,$A21,d_Product,E$20) -> 0 | F21: =SUMIFS(d_Sales,d_Region,$A21,d_Product,F$20) -> 1080
A22: East | B22: =SUMIFS(d_Sales,d_Region,$A22,d_Product,B$20) -> 0 | C22: =SUMIFS(d_Sales,d_Region,$A22,d_Product,C$20) -> 976 | D22: =SUMIFS(d_Sales,d_Region,$A22,d_Product,D$20) -> 545 | E22: =SUMIFS(d_Sales,d_Region,$A22,d_Product,E$20) -> 1946 | F22: =SUMIFS(d_Sales,d_Region,$A22,d_Product,F$20) -> 0
A23: North | B23: =SUMIFS(d_Sales,d_Region,$A23,d_Product,B$20) -> 761 | C23: =SUMIFS(d_Sales,d_Region,$A23,d_Product,C$20) -> 708 | D23: =SUMIFS(d_Sales,d_Region,$A23,d_Product,D$20) -> 0 | E23: =SUMIFS(d_Sales,d_Region,$A23,d_Product,E$20) -> 0 | F23: =SUMIFS(d_Sales,d_Region,$A23,d_Product,F$20) -> 978
A24: South | B24: =SUMIFS(d_Sales,d_Region,$A24,d_Product,B$20) -> 0 | C24: =SUMIFS(d_Sales,d_Region,$A24,d_Product,C$20) -> 0 | D24: =SUMIFS(d_Sales,d_Region,$A24,d_Product,D$20) -> 764 | E24: =SUMIFS(d_Sales,d_Region,$A24,d_Product,E$20) -> 1174 | F24: =SUMIFS(d_Sales,d_Region,$A24,d_Product,F$20) -> 0
A25: West Coast | B25: =SUMIFS(d_Sales,d_Region,$A25,d_Product,B$20) -> 0 | C25: =SUMIFS(d_Sales,d_Region,$A25,d_Product,C$20) -> 0 | D25: =SUMIFS(d_Sales,d_Region,$A25,d_Product,D$20) -> 1708 | E25: =SUMIFS(d_Sales,d_Region,$A25,d_Product,E$20) -> 0 | F25: =SUMIFS(d_Sales,d_Region,$A25,d_Product,F$20) -> 1164

Sheet Lookups
A1: Product Targets | D1: Region Managers
A2: Product | B2: Target Sales | D2: Region | E2: Manager
A3: Product A | B3: 700 | D3: North | E3: Manager N
A4: Product B | B4: 650 | D4: South | E4: Manager S
A5: Product C | B5: 600 | D5: East | E5: Manager E
A6: Product D | B6: 550 | D6: Central | E6: Manager C
A7: Product E | B7: 500 | D7: West Coast | E7: Manager W

Sheet Charts
A1: TASK 5 | DATA VISUALIZATION
A3: Four charts built from the Pivot_Summary tables - they update automatically when Clean_Data changes.
A4: Chart 1 - Column chart | G4: Chart 2 - Pie chart
A21: ="Insight: "&INDEX(Pivot_Summary!$A$4:$A$8,MATCH(MAX(Pivot_Summary!$B$4:$B$8),Pivot_Summary!$B$4:$B$8,0))&" is the top region with sales of "&TEXT(MAX(Pivot_Summary!$B$4:$B$8),"#,##0") -> Insight: East is the top region with sales of 3,467 | G21: ="Insight: "&INDEX(Pivot_Summary!$E$4:$E$8,MATCH(MAX(Pivot_Summary!$G$4:$G$8),Pivot_Summary!$G$4:$G$8,0))&" gives the biggest profit share ("&TEXT(MAX(Pivot_Summary!$G$4:$G$8)/Pivot_Summary!$G$9,"0%")&")" -> Insight: Product E gives the biggest profit share (30%)
A23: Chart 3 - Line chart | G23: Chart 4 - Bar chart
A40: ="Insight: "&INDEX(Pivot_Summary!$A$13:$A$17,MATCH(MAX(Pivot_Summary!$C$13:$C$17),Pivot_Summary!$C$13:$C$17,0))&" is the best month for sales ("&TEXT(MAX(Pivot_Summary!$C$13:$C$17),"#,##0")&")" -> Insight: Jan is the best month for sales (2,880) | G40: ="Insight: "&INDEX(Pivot_Summary!$E$4:$E$8,MATCH(MAX(Pivot_Summary!$F$4:$F$8),Pivot_Summary!$F$4:$F$8,0))&" is the top product by sales ("&TEXT(MAX(Pivot_Summary!$F$4:$F$8),"#,##0")&")" -> Insight: Product E is the top product by sales (3,222)

Sheet Dashboard
A1: SALES DASHBOARD
A3: Interactive view | change the yellow cells - KPI cards, insight strip and all charts update automatically.
A4: FILTERS
A5: Region: | B5: All | D5: Product: | E5: All | G5: From Month: | H5: 1 | I5: To Month: | J5: 5 | K5: (1 = Jan ... 5 = May)
A6: =IF($H$5>$J$5,"WARNING: From Month must be less than or equal to To Month","Showing: "&IF($B$5="All","All regions",$B$5)&" | "&IF($E$5="All","All products",$E$5)&" | "&INDEX(Pivot_Summary!$A$13:$A$17,$H$5)&" to "&INDEX(Pivot_Summary!$A$13:$A$17,$J$5)&" 2022") -> Showing: All regions | All products | Jan to May 2022
A8: TOTAL SALES | D8: TOTAL PROFIT | G8: PROFIT MARGIN | J8: NO. OF ORDERS
A9: =SUMIFS(d_Sales,d_Product,IF($E$5="All","*",$E$5),d_Region,IF($B$5="All","*",$B$5),d_Month,">="&$H$5,d_Month,"<="&$J$5) -> 12038 | D9: =SUMIFS(d_Profit,d_Product,IF($E$5="All","*",$E$5),d_Region,IF($B$5="All","*",$B$5),d_Month,">="&$H$5,d_Month,"<="&$J$5) -> 4025 | G9: =IFERROR(D9/A9,0) -> 0.33435787 | J9: =COUNTIFS(d_Product,IF($E$5="All","*",$E$5),d_Region,IF($B$5="All","*",$B$5),d_Month,">="&$H$5,d_Month,"<="&$J$5) -> 20
A10: ="Avg per order: "&TEXT(IFERROR(A9/J9,0),"#,##0") -> Avg per order: 602 | D10: ="Avg per order: "&TEXT(IFERROR(D9/J9,0),"#,##0") -> Avg per order: 201 | G10: Profit / Sales | J10: Transactions in selection
A12: =IF($A$9=0,"No data for this selection - change the filters","Top product: "&INDEX($A$51:$A$55,MATCH(MAX($B$51:$B$55),$B$51:$B$55,0))&" | Top region: "&INDEX($E$51:$E$55,MATCH(MAX($F$51:$F$55),$F$51:$F$55,0))&" | Best month: "&INDEX($H$51:$H$55,MATCH(MAX($J$51:$J$55),$J$51:$J$55,0))) -> Top product: Product E | Top region: East | Best month: Jan
A49: Data behind the charts (auto-calculated from Clean_Data - do not edit)
A50: Product | B50: Sales | C50: Profit | E50: Region | F50: Sales | H50: Month | I50: Month No | J50: Sales | K50: Profit
A51: Product A | B51: =SUMIFS(d_Sales,d_Product,$A51,d_Region,IF($B$5="All","*",$B$5),d_Month,">="&$H$5,d_Month,"<="&$J$5) -> 761 | C51: =SUMIFS(d_Profit,d_Product,$A51,d_Region,IF($B$5="All","*",$B$5),d_Month,">="&$H$5,d_Month,"<="&$J$5) -> 299 | E51: Central | F51: =SUMIFS(d_Sales,d_Region,$E51,d_Product,IF($E$5="All","*",$E$5),d_Month,">="&$H$5,d_Month,"<="&$J$5) -> 1314 | H51: Jan | I51: 1 | J51: =IF(AND($I51>=$H$5,$I51<=$J$5),SUMIFS(d_Sales,d_Month,$I51,d_Product,IF($E$5="All","*",$E$5),d_Region,IF($B$5="All","*",$B$5)),0) -> 2880 | K51: =IF(AND($I51>=$H$5,$I51<=$J$5),SUMIFS(d_Profit,d_Month,$I51,d_Product,IF($E$5="All","*",$E$5),d_Region,IF($B$5="All","*",$B$5)),0) -> 708
A52: Product B | B52: =SUMIFS(d_Sales,d_Product,$A52,d_Region,IF($B$5="All","*",$B$5),d_Month,">="&$H$5,d_Month,"<="&$J$5) -> 1918 | C52: =SUMIFS(d_Profit,d_Product,$A52,d_Region,IF($B$5="All","*",$B$5),d_Month,">="&$H$5,d_Month,"<="&$J$5) -> 673 | E52: East | F52: =SUMIFS(d_Sales,d_Region,$E52,d_Product,IF($E$5="All","*",$E$5),d_Month,">="&$H$5,d_Month,"<="&$J$5) -> 3467 | H52: Feb | I52: 2 | J52: =IF(AND($I52>=$H$5,$I52<=$J$5),SUMIFS(d_Sales,d_Month,$I52,d_Product,IF($E$5="All","*",$E$5),d_Region,IF($B$5="All","*",$B$5)),0) -> 2824 | K52: =IF(AND($I52>=$H$5,$I52<=$J$5),SUMIFS(d_Profit,d_Month,$I52,d_Product,IF($E$5="All","*",$E$5),d_Region,IF($B$5="All","*",$B$5)),0) -> 702
A53: Product C | B53: =SUMIFS(d_Sales,d_Product,$A53,d_Region,IF($B$5="All","*",$B$5),d_Month,">="&$H$5,d_Month,"<="&$J$5) -> 3017 | C53: =SUMIFS(d_Profit,d_Product,$A53,d_Region,IF($B$5="All","*",$B$5),d_Month,">="&$H$5,d_Month,"<="&$J$5) -> 824 | E53: North | F53: =SUMIFS(d_Sales,d_Region,$E53,d_Product,IF($E$5="All","*",$E$5),d_Month,">="&$H$5,d_Month,"<="&$J$5) -> 2447 | H53: Mar | I53: 3 | J53: =IF(AND($I53>=$H$5,$I53<=$J$5),SUMIFS(d_Sales,d_Month,$I53,d_Product,IF($E$5="All","*",$E$5),d_Region,IF($B$5="All","*",$B$5)),0) -> 2384 | K53: =IF(AND($I53>=$H$5,$I53<=$J$5),SUMIFS(d_Profit,d_Month,$I53,d_Product,IF($E$5="All","*",$E$5),d_Region,IF($B$5="All","*",$B$5)),0) -> 1084
A54: Product D | B54: =SUMIFS(d_Sales,d_Product,$A54,d_Region,IF($B$5="All","*",$B$5),d_Month,">="&$H$5,d_Month,"<="&$J$5) -> 3120 | C54: =SUMIFS(d_Profit,d_Product,$A54,d_Region,IF($B$5="All","*",$B$5),d_Month,">="&$H$5,d_Month,"<="&$J$5) -> 1035 | E54: South | F54: =SUMIFS(d_Sales,d_Region,$E54,d_Product,IF($E$5="All","*",$E$5),d_Month,">="&$H$5,d_Month,"<="&$J$5) -> 1938 | H54: Apr | I54: 4 | J54: =IF(AND($I54>=$H$5,$I54<=$J$5),SUMIFS(d_Sales,d_Month,$I54,d_Product,IF($E$5="All","*",$E$5),d_Region,IF($B$5="All","*",$B$5)),0) -> 2602 | K54: =IF(AND($I54>=$H$5,$I54<=$J$5),SUMIFS(d_Profit,d_Month,$I54,d_Product,IF($E$5="All","*",$E$5),d_Region,IF($B$5="All","*",$B$5)),0) -> 996
A55: Product E | B55: =SUMIFS(d_Sales,d_Product,$A55,d_Region,IF($B$5="All","*",$B$5),d_Month,">="&$H$5,d_Month,"<="&$J$5) -> 3222 | C55: =SUMIFS(d_Profit,d_Product,$A55,d_Region,IF($B$5="All","*",$B$5),d_Month,">="&$H$5,d_Month,"<="&$J$5) -> 1194 | E55: West Coast | F55: =SUMIFS(d_Sales,d_Region,$E55,d_Product,IF($E$5="All","*",$E$5),d_Month,">="&$H$5,d_Month,"<="&$J$5) -> 2872 | H55: May | I55: 5 | J55: =IF(AND($I55>=$H$5,$I55<=$J$5),SUMIFS(d_Sales,d_Month,$I55,d_Product,IF($E$5="All","*",$E$5),d_Region,IF($B$5="All","*",$B$5)),0) -> 1348 | K55: =IF(AND($I55>=$H$5,$I55<=$J$5),SUMIFS(d_Profit,d_Month,$I55,d_Product,IF($E$5="All","*",$E$5),d_Region,IF($B$5="All","*",$B$5)),0) -> 535
